,iso_code,continent,location,date,total_cases,new_cases,new_cases_smoothed,total_deaths,new_deaths,new_deaths_smoothed,total_cases_per_million,new_cases_per_million,new_cases_smoothed_per_million,total_deaths_per_million,new_deaths_per_million,new_deaths_smoothed_per_million,reproduction_rate,icu_patients,icu_patients_per_million,hosp_patients,hosp_patients_per_million,weekly_icu_admissions,weekly_icu_admissions_per_million,weekly_hosp_admissions,weekly_hosp_admissions_per_million,new_tests,total_tests,total_tests_per_thousand,new_tests_per_thousand,new_tests_smoothed,new_tests_smoothed_per_thousand,positive_rate,tests_per_case,tests_units,total_vaccinations,people_vaccinated,people_fully_vaccinated,new_vaccinations,new_vaccinations_smoothed,total_vaccinations_per_hundred,people_vaccinated_per_hundred,people_fully_vaccinated_per_hundred,new_vaccinations_smoothed_per_million,stringency_index,population,population_density,median_age,aged_65_older,aged_70_older,gdp_per_capita,extreme_poverty,cardiovasc_death_rate,diabetes_prevalence,female_smokers,male_smokers,handwashing_facilities,hospital_beds_per_thousand,life_expectancy,human_development_index,excess_mortality
523,AFG,Asia,Afghanistan,2021-07-31,146523.0,0.0,440.57099999999997,6677.0,0.0,45.714,3763.9159999999997,0.0,11.317,171.52,0.0,1.1740000000000002,,,,,,,,,,,,,,,,,,,,,,,,,,,,,38928341.0,54.422,18.6,2.5810000000000004,1.337,1803.987,,597.029,9.59,,,37.746,0.5,64.83,0.511,
1059,OWID_AFR,,Africa,2021-07-31,6708893.0,35861.0,39119.0,170082.0,866.0,945.143,5004.403,26.75,29.18,126.87,0.6459999999999999,0.705,,,,,,,,,,,,,,,,,,,68670999.0,47472818.0,23282378.0,115988.0,1123388.0,5.12,3.54,1.74,838.0,,1340598113.0,,,,,,,,,,,,,,,
1583,ALB,Europe,Albania,2021-07-31,133081.0,45.0,32.571,2457.0,0.0,0.14300000000000002,46244.005999999994,15.637,11.318,853.7769999999999,0.0,0.05,,,,,,,,,,,,,,,,,,,1198933.0,670215.0,528718.0,8086.0,9975.0,41.66,23.29,18.37,3466.0,,2877800.0,104.87100000000001,38.0,13.187999999999999,8.642999999999999,11803.431,1.1,304.195,10.08,7.1,51.2,,2.89,78.57,0.795,
2107,DZA,Africa,Algeria,2021-07-31,171392.0,1203.0,1503.4289999999999,4254.0,35.0,30.285999999999998,3908.505,27.434,34.285,97.01,0.7979999999999999,0.691,,47.0,1.072,,,,,,,,,,,,,,,,,,,,,,,,,,43851043.0,17.348,29.1,6.211,3.8569999999999998,13913.839,0.5,278.36400000000003,6.73,0.7,30.4,83.741,1.9,76.88,0.748,
2625,AND,Europe,Andorra,2021-07-31,14678.0,0.0,25.714000000000002,128.0,0.0,0.14300000000000002,189969.585,0.0,332.806,1656.636,0.0,1.849,,,,,,,,,,,,,,,,,,,,,,,,,,,,,77265.0,163.755,,,,,,109.135,7.97,29.0,37.8,,,83.73,0.868,
3125,AGO,Africa,Angola,2021-07-31,42777.0,131.0,148.714,1011.0,3.0,4.143,1301.547,3.986,4.525,30.761,0.091,0.126,,,,,,,,,,,,,,,,,,,,,,,,,,,,,32866268.0,23.89,16.8,2.405,1.3619999999999999,5819.495,,276.045,3.94,,,26.664,,61.15,0.581,
3802,ATG,North America,Antigua and Barbuda,2021-07-31,1303.0,0.0,3.286,43.0,0.0,0.0,13305.694,0.0,33.552,439.098,0.0,0.0,,,,,,,,,,,,,,,,,,,,,,,,,,,,,97928.0,231.845,32.1,6.933,4.631,21490.943,,191.511,13.17,,,,3.8,77.02,0.778,
4381,ARG,South America,Argentina,2021-07-31,4929764.0,10356.0,12950.714,105721.0,135.0,305.286,109075.766,229.136,286.547,2339.179,2.987,6.755,,,,,,,,,,,,,,,,,,,31877998.0,24966105.0,6911893.0,406924.0,348605.0,70.53,55.24,15.29,7713.0,,45195777.0,16.177,31.9,11.198,7.441,18933.907,0.6,191.032,5.5,16.2,27.7,,5.0,76.67,0.845,
4900,ARM,Asia,Armenia,2021-07-31,230110.0,243.0,211.143,4614.0,6.0,4.2860000000000005,77655.022,82.005,71.25399999999999,1557.0829999999999,2.025,1.446,,,,,,,,,,,,,,,,,,,,,,,2808.0,,,,948.0,,2963234.0,102.931,35.7,11.232000000000001,7.571000000000001,8787.58,1.8,341.01,7.11,1.5,52.1,94.04299999999999,4.2,75.09,0.7759999999999999,
5026,ABW,North America,Aruba,2021-07-31,,,,,,,,,,,,,,,,,,,,,,,,,,,,,,,138509.0,72793.0,65716.0,911.0,406.0,129.73,68.18,61.55,3803.0,,106766.0,584.8,41.2,13.085,7.452000000000001,35973.781,,,11.62,,,,,76.29,,
5584,OWID_ASI,,Asia,2021-07-31,62011213.0,241956.0,252176.28600000002,896274.0,4484.0,4292.286,13364.925,52.147,54.35,193.169,0.966,0.925,,,,,,,,,,,,,,,,,,,2643191035.0,1309778330.0,504885644.0,22442147.0,28378028.0,56.97,28.23,10.88,6116.0,,4639847425.0,,,,,,,,,,,,,,,
6138,AUS,Oceania,Australia,2021-07-31,34383.0,253.0,209.28599999999997,924.0,0.0,0.857,1348.359,9.922,8.207,36.235,0.0,0.034,,,,,,,,,,,,,,,,,,,12206684.0,8373750.0,3832934.0,200706.0,167693.0,47.87,32.84,15.03,6576.0,,25499881.0,3.202,37.9,15.504000000000001,10.129,44648.71,0.5,107.791,5.07,13.0,16.5,,3.84,83.44,0.9440000000000001,
6662,AUT,Europe,Austria,2021-07-31,659056.0,538.0,445.42900000000003,10737.0,0.0,0.857,73176.408,59.735,49.457,1192.152,0.0,0.095,,,,,,,,,,,,,,,,,,,9694734.0,5294066.0,4598275.0,34859.0,42535.0,107.64,58.78,51.06,4723.0,,9006400.0,106.749,44.4,19.202,13.748,45436.685999999994,0.7,145.183,6.35,28.4,30.9,,7.37,81.54,0.922,
7181,AZE,Asia,Azerbaijan,2021-07-31,343849.0,633.0,541.714,5023.0,1.0,3.0,33912.917,62.431000000000004,53.428000000000004,495.405,0.099,0.29600000000000004,,,,,,,,,,,,,,,,,,,4972362.0,2880131.0,2092231.0,86790.0,65054.0,49.04,28.41,20.64,6416.0,,10139175.0,119.309,32.4,6.018,3.8710000000000004,15847.419,,559.812,7.11,0.3,42.5,83.241,4.7,73.0,0.7559999999999999,
7685,BHS,North America,Bahamas,2021-07-31,14840.0,163.0,151.286,287.0,1.0,1.857,37737.001000000004,414.49699999999996,384.708,729.819,2.543,4.723,,,,,,,,,,,,,,,,,,,,,,,,,,,,,393248.0,39.497,34.3,8.996,5.2,27717.847,,235.954,13.17,3.1,20.4,,2.9,73.92,0.8140000000000001,
8210,BHR,Asia,Bahrain,2021-07-31,269186.0,106.0,110.429,1384.0,0.0,0.28600000000000003,158197.396,62.295,64.898,813.36,0.0,0.168,,,,,,,,,,,,,,,,,,,2305354.0,1108252.0,1055185.0,7752.0,5581.0,135.48,65.13,62.01,3280.0,,1701583.0,1935.9070000000002,32.4,2.372,1.3869999999999998,43290.705,,151.689,16.52,5.8,37.6,,2.0,77.29,0.852,
8727,BGD,Asia,Bangladesh,2021-07-31,1249484.0,9369.0,13734.286,20685.0,218.0,234.143,7586.9130000000005,56.888999999999996,83.395,125.6,1.324,1.422,,,,,,,,,,,,,,,,,,,12849265.0,8520221.0,4329044.0,1114818.0,360901.0,7.8,5.17,2.63,2191.0,,164689383.0,1265.036,27.5,5.098,3.262,3523.9840000000004,14.8,298.003,8.38,1.0,44.7,34.808,0.8,72.59,0.632,
9230,BRB,North America,Barbados,2021-07-31,4390.0,11.0,7.2860000000000005,48.0,0.0,0.0,15276.42,38.278,25.353,167.03099999999998,0.0,0.0,,,,,,,,,,,,,,,,,,,,,,,,,,,,,287371.0,664.4630000000001,39.8,14.952,9.472999999999999,16978.068,,170.05,13.57,1.9,14.5,88.469,5.8,79.19,0.8140000000000001,
9751,BLR,Europe,Belarus,2021-07-31,446040.0,992.0,887.429,3454.0,9.0,9.857000000000001,47203.392,104.98100000000001,93.915,365.529,0.9520000000000001,1.043,,,,,,,,,,,,,,,,,,,,,,,,,,,,,9449321.0,46.858000000000004,40.3,14.799000000000001,9.788,17167.967,,443.129,5.18,10.5,46.1,,11.0,74.79,0.823,
10296,BEL,Europe,Belgium,2021-07-31,1124715.0,0.0,1607.1429999999998,25241.0,0.0,3.0,97045.06199999999,0.0,138.671,2177.8979999999997,0.0,0.259,,,,,,,,,,,,,,,,,,,,,,,,,,,,,11589616.0,375.564,41.8,18.570999999999998,12.849,42658.575999999994,0.2,114.898,4.29,25.1,31.4,,5.64,81.63,0.9309999999999999,
10793,BLZ,North America,Belize,2021-07-31,14163.0,0.0,35.143,337.0,0.0,0.7140000000000001,35619.346,0.0,88.383,847.541,0.0,1.796,,,,,,,,,,,,,,,,,,,,,,,,,,,,,397621.0,16.426,25.0,3.853,2.279,7824.361999999999,,176.957,17.11,,,90.083,1.3,74.62,0.716,
11297,BEN,Africa,Benin,2021-07-31,8394.0,0.0,10.0,108.0,0.0,0.14300000000000002,692.3919999999999,0.0,0.825,8.908999999999999,0.0,0.012,,,,,,,,,,,,,,,,,,,,,,,,,,,,,12123198.0,99.11,18.8,3.2439999999999998,1.942,2064.236,49.6,235.84799999999998,0.99,0.6,12.3,11.035,0.5,61.77,0.545,
12013,BTN,Asia,Bhutan,2021-07-31,2515.0,7.0,4.7139999999999995,2.0,0.0,0.0,3259.41,9.072000000000001,6.11,2.592,0.0,0.0,,,,,,,,,,,,,,,,,,,,,,,,,,,,,771612.0,21.188000000000002,28.6,4.885,2.977,8708.597,1.5,217.06599999999997,9.75,,,79.807,1.7,71.78,0.654,
12522,BOL,South America,Bolivia,2021-07-31,473506.0,1548.0,790.143,17821.0,37.0,26.285999999999998,40564.107,132.613,67.69,1526.682,3.17,2.252,,,,,,,,,,,,,,,,,,,4487894.0,2874284.0,1613610.0,,72602.0,38.45,24.62,13.82,6220.0,,11673029.0,10.202,25.4,6.704,4.393,6885.829000000001,7.1,204.299,6.89,,,25.383000000000003,1.1,71.51,0.718,
13038,BIH,Europe,Bosnia and Herzegovina,2021-07-31,205655.0,0.0,33.571,9687.0,0.0,1.714,62684.12,0.0,10.232999999999999,2952.62,0.0,0.523,,,,,,,,,,,,,,,,,,,,,,,,,,,,,3280815.0,68.49600000000001,42.5,16.569000000000003,10.710999999999999,11713.895,0.2,329.635,10.08,30.2,47.7,97.164,3.5,77.4,0.78,
13528,BWA,Africa,Botswana,2021-07-31,106690.0,0.0,1290.4289999999999,1569.0,0.0,27.714000000000002,45368.628,0.0,548.739,667.198,0.0,11.785,,,,,,,,,,,,,,,,,,,,,,,,,,,,,2351625.0,4.044,25.8,3.9410000000000003,2.242,15807.374,,237.372,4.81,5.7,34.4,,1.8,69.59,0.735,
14051,BRA,South America,Brazil,2021-07-31,19917855.0,37582.0,35331.571,556370.0,910.0,988.857,93704.885,176.80700000000002,166.22,2617.48,4.281000000000001,4.652,,,,,,,,,,,,,,,,,,,142488679.0,105057816.0,41489804.0,2319465.0,1520483.0,67.03,49.43,19.52,7153.0,,212559409.0,25.04,33.5,8.552,5.06,14103.452,3.4,177.96099999999998,8.11,10.1,17.9,,2.2,75.88,0.765,
14626,BRN,Asia,Brunei,2021-07-31,337.0,1.0,2.286,3.0,0.0,0.0,770.316,2.286,5.225,6.857,0.0,0.0,,,,,,,,,,,,,,,,,,,163999.0,134829.0,29170.0,3502.0,2642.0,37.49,30.82,6.67,6039.0,,437483.0,81.347,32.4,4.591,2.3819999999999997,71809.25099999999,,201.285,12.79,2.0,30.9,,2.7,75.86,0.838,
15138,BGR,Europe,Bulgaria,2021-07-31,425054.0,182.0,203.571,18213.0,2.0,2.8569999999999998,61172.53599999999,26.193,29.296999999999997,2621.1620000000003,0.28800000000000003,0.41100000000000003,,,,,,,,,,,,,,,,,,,2028136.0,1028258.0,999878.0,3193.0,9270.0,29.19,14.8,14.39,1334.0,,6948445.0,65.18,44.7,20.801,13.272,18563.307,1.5,424.68800000000005,5.81,30.1,44.4,,7.454,75.05,0.816,
15648,BFA,Africa,Burkina Faso,2021-07-31,13573.0,0.0,5.0,169.0,0.0,0.0,649.3240000000001,0.0,0.239,8.085,0.0,0.0,,,,,,,,,,,,,,,,,,,,,,,,,,,,,20903278.0,70.15100000000001,17.6,2.4090000000000003,1.358,1703.102,43.7,269.048,2.42,1.6,23.9,11.877,0.4,61.58,0.452,
16137,BDI,Africa,Burundi,2021-07-31,7080.0,0.0,136.0,9.0,0.0,0.14300000000000002,595.419,0.0,11.437000000000001,0.757,0.0,0.012,,,,,,,,,,,,,,,,,,,,,,,,,,,,,11890781.0,423.06199999999995,17.5,2.562,1.504,702.225,71.7,293.068,6.05,,,6.144,0.8,61.58,0.433,
16690,KHM,Asia,Cambodia,2021-07-31,77243.0,658.0,734.143,1397.0,22.0,20.429000000000002,4620.081,39.356,43.911,83.55799999999999,1.3159999999999998,1.222,,,,,,,,,,,,,,,,,,,12088317.0,7304756.0,4783561.0,125465.0,144085.0,72.3,43.69,28.61,8618.0,,16718971.0,90.67200000000001,25.6,4.412,2.385,3645.07,,270.892,4.0,2.0,33.7,66.229,0.8,69.82,0.594,
17204,CMR,Africa,Cameroon,2021-07-31,82064.0,0.0,8.714,1334.0,0.0,0.0,3091.4040000000005,0.0,0.32799999999999996,50.253,0.0,0.0,,,,,,,,,,,,,,,,,,,,,,,,,,,,,26545864.0,50.885,18.8,3.165,1.919,3364.926,23.8,244.66099999999997,7.2,,,2.735,1.3,59.29,0.563,
17758,CAN,North America,Canada,2021-07-31,1438457.0,436.0,704.571,26560.0,7.0,8.0,38112.74,11.552,18.668,703.722,0.185,0.212,,201.0,5.3260000000000005,444.0,11.764000000000001,,,,,,,,,,,,,,49293068.0,27023203.0,22269865.0,232386.0,272128.0,130.6,71.6,59.01,7210.0,,37742157.0,4.037,41.4,16.984,10.797,44017.59099999999,0.5,105.59899999999999,7.37,12.0,16.6,,2.5,82.43,0.929,
18258,CPV,Africa,Cape Verde,2021-07-31,33791.0,28.0,35.714,298.0,0.0,0.14300000000000002,60776.492,50.361000000000004,64.236,535.9830000000001,0.0,0.257,,,,,,,,,,,,,,,,,,,,,,,,,,,,,555988.0,135.58,25.7,4.46,3.437,6222.554,,182.21900000000002,2.42,2.1,16.5,,2.1,72.98,0.665,
18980,CAF,Africa,Central African Republic,2021-07-31,7151.0,0.0,0.5710000000000001,98.0,0.0,0.0,1480.611,0.0,0.11800000000000001,20.291,0.0,0.0,,,,,,,,,,,,,,,,,,,,,,,,,,,,,4829764.0,7.479,18.3,3.655,2.251,661.24,,435.727,6.1,,,16.602999999999998,1.0,53.28,0.397,
19481,TCD,Africa,Chad,2021-07-31,4973.0,0.0,0.5710000000000001,174.0,0.0,0.0,302.754,0.0,0.035,10.593,0.0,0.0,,,,,,,,,,,,,,,,,,,,,,,,,,,,,16425859.0,11.833,16.7,2.4859999999999998,1.446,1768.1529999999998,38.4,280.995,6.1,,,5.818,,54.24,0.39799999999999996,
20007,CHL,South America,Chile,2021-07-31,1615771.0,1142.0,1146.0,35448.0,82.0,70.0,84523.61,59.74,59.949,1854.3429999999998,4.29,3.662,,,,,,,,,,,,,,,,,,,,,,,,,,,,,19116209.0,24.281999999999996,35.4,11.087,6.938,22767.037,1.3,127.993,8.46,34.2,41.5,,2.11,80.18,0.851,
20565,CHN,Asia,China,2021-07-31,93066.0,77.0,68.429,4636.0,0.0,0.0,64.66,0.053,0.048,3.221,0.0,0.0,,,,,,,,,,,,,,,,,,,1652819000.0,,,15424000.0,16301714.0,114.83,,,11326.0,,1439323774.0,147.674,38.7,10.640999999999998,5.928999999999999,15308.712,0.7,261.899,9.74,1.9,48.4,,4.34,76.91,0.7609999999999999,
21079,COL,South America,Colombia,2021-07-31,4785320.0,9029.0,9788.857,120723.0,291.0,312.143,94045.77,177.447,192.38,2372.5660000000003,5.718999999999999,6.135,,,,,,,,,,,,,,,,,,,27524377.0,17801838.0,12179103.0,,347815.0,54.09,34.99,23.94,6836.0,,50882884.0,44.223,32.2,7.646,4.312,13254.948999999999,4.5,124.24,7.44,4.7,13.5,65.38600000000001,1.71,77.29,0.767,
21538,COM,Africa,Comoros,2021-07-31,4028.0,2.0,2.0,147.0,0.0,0.0,4632.041,2.3,2.3,169.044,0.0,0.0,,,,,,,,,,,,,,,,,,,,,,,,,,,,,869595.0,437.352,20.4,2.963,1.726,1413.89,18.1,261.51599999999996,11.88,4.4,23.6,15.574000000000002,2.2,64.32,0.5539999999999999,
22043,COG,Africa,Congo,2021-07-31,13186.0,0.0,9.857000000000001,178.0,0.0,0.28600000000000003,2389.594,0.0,1.786,32.258,0.0,0.052000000000000005,,,,,,,,,,,,,,,,,,,,,,,,,,,,,5518092.0,15.405,19.0,3.4019999999999997,2.063,4881.406,37.0,344.094,7.2,1.7,52.3,47.964,,64.57,0.574,
22614,CRI,North America,Costa Rica,2021-07-31,406814.0,0.0,1172.286,5030.0,0.0,12.714,79859.618,0.0,230.12599999999998,987.414,0.0,2.496,,,,,,,,,,,,,,,,,,,,,,,,,,,,,5094114.0,96.079,33.6,9.468,5.694,15524.995,1.3,137.97299999999998,8.78,6.4,17.4,83.84100000000001,1.13,80.28,0.81,
23123,CIV,Africa,Cote d'Ivoire,2021-07-31,50135.0,131.0,83.0,329.0,1.0,0.7140000000000001,1900.6170000000002,4.966,3.147,12.472000000000001,0.038,0.027000000000000003,,,,,,,,,,,,,,,,,,,,,,,,,,,,,26378275.0,76.399,18.7,2.9330000000000003,1.5819999999999999,3601.006,28.2,303.74,2.42,,,19.351,,57.78,0.5379999999999999,
23647,HRV,Europe,Croatia,2021-07-31,363615.0,218.0,159.857,8259.0,5.0,2.0,88572.78,53.103,38.94,2011.805,1.218,0.48700000000000004,,,,,,,,,,,,,,,,,,,3078364.0,1646466.0,1431898.0,9707.0,10760.0,74.99,40.11,34.88,2621.0,,4105268.0,73.726,44.0,19.724,13.052999999999999,22669.797000000002,0.7,253.782,5.59,34.3,39.9,,5.54,78.49,0.851,
24155,CUB,North America,Cuba,2021-07-31,384596.0,8875.0,8640.143,2758.0,65.0,69.571,33955.067,783.553,762.818,243.497,5.739,6.142,,,,,,,,,,,,,,,,,,,,,,,,,,,,,11326616.0,110.40799999999999,43.1,14.738,9.719,,,190.968,8.27,17.1,53.3,85.198,5.2,78.8,0.7829999999999999,
24281,CUW,North America,Curacao,2021-07-31,,,,,,,,,,,,,,,,,,,,,,,,,,,,,,,175129.0,92683.0,82446.0,605.0,237.0,106.72,56.48,50.24,1444.0,,164100.0,362.644,41.7,16.367,10.068,,,,11.62,,,,,78.88,,
24793,CYP,Europe,Cyprus,2021-07-31,101419.0,0.0,632.571,419.0,0.0,2.8569999999999998,114209.94300000001,0.0,712.3510000000001,471.844,0.0,3.217,,,,,,,,,,,,,,,,,,,,,,,,,,,,,888005.0,127.65700000000001,37.3,13.415999999999999,8.562999999999999,32415.132,,141.171,9.24,19.6,52.7,,3.4,80.98,0.887,
25312,CZE,Europe,Czechia,2021-07-31,1673576.0,147.0,176.571,30373.0,10.0,2.286,156277.786,13.727,16.488,2836.217,0.934,0.213,,,,,,,,,,,,,,,,,,,10343111.0,5641227.0,4839746.0,26375.0,52228.0,96.58,52.68,45.19,4877.0,,10708982.0,137.17600000000002,43.3,19.027,11.58,32605.906000000003,,227.485,6.82,30.5,38.3,,6.63,79.38,0.9,
25821,COD,Africa,Democratic Republic of Congo,2021-07-31,49917.0,355.0,304.42900000000003,1038.0,15.0,2.4290000000000003,557.349,3.964,3.3989999999999996,11.59,0.16699999999999998,0.027000000000000003,,,,,,,,,,,,,,,,,,,,,,,,,,,,,89561404.0,35.879,17.0,3.02,1.745,808.133,77.1,318.949,6.1,,,4.4719999999999995,,60.68,0.48,
26368,DNK,Europe,Denmark,2021-07-31,317909.0,741.0,853.429,2551.0,2.0,1.143,54885.68,127.931,147.341,440.42,0.345,0.19699999999999998,,,,,,,,,,,,,,,,,,,7353133.0,4204834.0,3194779.0,26590.0,56462.0,126.95,72.59,55.16,9748.0,,5792203.0,136.52,42.3,19.677,12.325,46682.515,0.2,114.76700000000001,6.41,19.3,18.8,,2.5,80.9,0.94,
26870,DJI,Africa,Djibouti,2021-07-31,11651.0,0.0,2.4290000000000003,156.0,0.0,0.14300000000000002,11792.486,0.0,2.458,157.894,0.0,0.145,,,,,,,,,,,,,,,,,,,,,,,,,,,,,988002.0,41.285,25.4,4.213,2.38,2705.406,22.5,258.03700000000003,6.05,1.7,24.5,,1.4,67.11,0.524,
27368,DMA,North America,Dominica,2021-07-31,210.0,0.0,0.14300000000000002,,,0.0,2917.031,0.0,1.984,,,0.0,,,,,,,,,,,,,,,,,,,,,,,,,,,,,71991.0,98.56700000000001,,,,9673.367,,227.37599999999998,11.62,,,,3.8,75.0,0.742,
27887,DOM,North America,Dominican Republic,2021-07-31,341905.0,395.0,319.42900000000003,3963.0,7.0,3.714,31518.07,36.413000000000004,29.445999999999998,365.324,0.645,0.342,,,,,,,,,,,,,,,,,,,10140333.0,5543146.0,4215901.0,20403.0,57009.0,93.48,51.1,38.86,5255.0,,10847904.0,222.873,27.6,6.981,4.419,14600.861,1.6,266.653,8.2,8.5,19.1,55.181999999999995,1.6,74.08,0.7559999999999999,
28406,ECU,South America,Ecuador,2021-07-31,487372.0,828.0,950.2860000000001,31631.0,40.0,119.14299999999999,27624.006,46.931000000000004,53.861999999999995,1792.83,2.267,6.752999999999999,,,,,,,,,,,,,,,,,,,11419806.0,9047885.0,2371921.0,197867.0,248847.0,64.73,51.28,13.44,14105.0,,17643060.0,66.939,28.1,7.104,4.458,10581.936000000002,3.6,140.44799999999998,5.55,2.0,12.3,80.635,1.5,77.01,0.759,
28941,EGY,Africa,Egypt,2021-07-31,284262.0,47.0,39.571,16524.0,6.0,6.143,2777.776,0.45899999999999996,0.387,161.471,0.059000000000000004,0.06,,,,,,,,,,,,,,,,,,,,,,,,,,,,,102334403.0,97.999,25.3,5.159,2.891,10550.206,1.3,525.432,17.31,0.2,50.1,89.82700000000001,1.6,71.99,0.7070000000000001,
29442,SLV,North America,El Salvador,2021-07-31,86620.0,0.0,275.57099999999997,2629.0,16.0,11.714,13354.503999999999,0.0,42.486000000000004,405.32199999999995,2.467,1.806,,,,,,,,,,,,,,,,,,,,,,,,,,,,,6486201.0,307.811,27.6,8.273,5.417000000000001,7292.4580000000005,2.2,167.295,8.87,2.5,18.8,90.65,1.3,73.32,0.6729999999999999,
29947,GNQ,Africa,Equatorial Guinea,2021-07-31,8880.0,0.0,2.4290000000000003,123.0,0.0,0.0,6329.361999999999,0.0,1.7309999999999999,87.67,0.0,0.0,,,,,,,,,,,,,,,,,,,,,,,,,,,,,1402985.0,45.193999999999996,22.4,2.846,1.7519999999999998,22604.873,,202.812,7.78,,,24.64,2.1,58.74,0.5920000000000001,
30446,ERI,Africa,Eritrea,2021-07-31,6547.0,2.0,7.428999999999999,35.0,1.0,0.28600000000000003,1846.0829999999999,0.564,2.095,9.869,0.282,0.081,,,,,,,,,,,,,,,,,,,,,,,,,,,,,3546427.0,44.303999999999995,19.3,3.6069999999999998,2.171,1510.4589999999998,,311.11,6.05,0.2,11.4,,0.7,66.32,0.45899999999999996,
30992,EST,Europe,Estonia,2021-07-31,133557.0,249.0,169.857,1272.0,0.0,0.14300000000000002,100680.79400000001,187.707,128.045,958.8860000000001,0.0,0.10800000000000001,,,,,,,,,,,,,,,,,,,1133844.0,639086.0,494758.0,2965.0,4831.0,85.47,48.18,37.3,3642.0,,1326539.0,31.033,42.7,19.452,13.491,29481.252,0.5,255.56900000000002,4.02,24.5,39.3,,4.69,78.74,0.892,
31498,SWZ,Africa,Eswatini,2021-07-31,25979.0,464.0,470.286,787.0,8.0,5.7139999999999995,22392.523999999998,399.94300000000004,405.361,678.352,6.896,4.925,,,,,,,,,,,,,,,,,,,,,,,,,,,,,1160164.0,79.492,21.5,3.1630000000000003,1.845,7738.975,,333.436,3.94,1.7,16.5,24.096999999999998,2.1,60.19,0.611,
32005,ETH,Africa,Ethiopia,2021-07-31,280365.0,341.0,274.143,4385.0,2.0,2.571,2438.729,2.966,2.385,38.143,0.017,0.022000000000000002,,,,,,,,,,,,,,,,,,,2217097.0,2217097.0,,759.0,6467.0,1.93,1.93,,56.0,,114963583.0,104.95700000000001,19.8,3.5260000000000002,2.063,1729.9270000000001,26.7,182.63400000000001,7.47,0.4,8.5,7.96,0.3,66.6,0.485,
32562,OWID_EUR,,Europe,2021-07-31,51806847.0,95747.0,122782.571,1136019.0,1007.0,1051.714,69197.577,127.88799999999999,163.99900000000002,1517.362,1.345,1.405,,,,,,,,,,,,,,,,,,,648613817.0,365837128.0,295241547.0,2107246.0,3670409.0,86.63,48.86,39.43,4903.0,,748680069.0,,,,,,,,,,,,,,,
33119,OWID_EUN,,European Union,2021-07-31,34382864.0,43140.0,69031.0,744160.0,117.0,161.0,77278.91900000001,96.961,155.154,1672.5739999999998,0.263,0.36200000000000004,,,,,,,,,,,,,,,,,,,468190226.0,263200892.0,217610326.0,828685.0,2544324.0,105.23,59.16,48.91,5719.0,,444919060.0,,,,,,,,,,,,,,,
33917,FJI,Oceania,Fiji,2021-07-31,29781.0,1121.0,1038.286,238.0,5.0,8.714,33221.261,1250.496,1158.2269999999999,265.493,5.577999999999999,9.721,,,,,,,,,,,,,,,,,,,,,,,,,,,,,896444.0,49.562,28.6,6.224,3.284,8702.975,1.4,412.82,14.49,10.2,34.8,,2.3,67.44,0.743,
34468,FIN,Europe,Finland,2021-07-31,106802.0,794.0,598.571,984.0,0.0,0.5710000000000001,19275.841,143.303,108.031,177.59400000000002,0.0,0.10300000000000001,,,,,,,,,,,,,,,,,,,,,,,41582.0,,,,7505.0,,5540718.0,18.136,42.8,21.228,13.264000000000001,40585.721,,153.507,5.76,18.3,22.6,,3.28,81.91,0.938,
35024,FRA,Europe,France,2021-07-31,6190334.0,23644.0,21312.571,112055.0,44.0,36.429,91621.44,349.94800000000004,315.442,1658.495,0.6509999999999999,0.539,,,,,,,,,,,,,,,,,,,,,,,,,,,,,67564251.0,122.57799999999999,42.0,19.718,13.079,38605.671,,86.06,4.77,30.1,35.6,,5.98,82.66,0.9009999999999999,
35706,GAB,Africa,Gabon,2021-07-31,25384.0,0.0,8.429,164.0,0.0,0.14300000000000002,11404.808,0.0,3.787,73.684,0.0,0.064,,,,,,,,,,,,,,,,,,,,,,,,,,,,,2225728.0,7.859,23.1,4.45,2.9760000000000004,16562.413,3.4,259.967,7.2,,,,6.3,66.47,0.703,
36209,GMB,Africa,Gambia,2021-07-31,7709.0,0.0,53.714,212.0,0.0,0.5710000000000001,3189.935,0.0,22.226999999999997,87.72399999999999,0.0,0.23600000000000002,,,,,,,,,,,,,,,,,,,,,,,,,,,,,2416664.0,207.56599999999997,17.5,2.339,1.4169999999999998,1561.767,10.1,331.43,1.91,0.7,31.2,7.876,1.1,62.05,0.496,
36732,GEO,Asia,Georgia,2021-07-31,419534.0,3196.0,2690.857,5820.0,27.0,22.143,105168.11099999999,801.168,674.54,1458.9479999999999,6.768,5.551,,,,,,,,,,,,,,,,,,,481591.0,323837.0,157754.0,,11634.0,12.07,8.12,3.95,2916.0,,3989175.0,65.032,38.7,14.864,10.244000000000002,9745.079,4.2,496.218,7.11,5.3,55.5,,2.6,73.77,0.812,
37288,DEU,Europe,Germany,2021-07-31,3776724.0,1806.0,2122.143,91666.0,3.0,19.285999999999998,45076.942,21.555,25.329,1094.076,0.036000000000000004,0.23,,,,,,,,,,,,,,,,,,,,,,,,,,,,,83783945.0,237.016,46.6,21.453000000000003,15.957,45229.245,,156.139,8.31,28.2,33.1,,8.0,81.33,0.9470000000000001,
37794,GHA,Africa,Ghana,2021-07-31,103019.0,0.0,324.57099999999997,823.0,0.0,0.5710000000000001,3315.3920000000003,0.0,10.445,26.486,0.0,0.018000000000000002,,,,,,,,,,,,,,,,,,,,,,,,,,,,,31072945.0,126.719,21.1,3.385,1.9480000000000002,4227.63,12.0,298.245,4.97,0.3,7.7,41.047,0.9,64.07,0.611,
38522,GRC,Europe,Greece,2021-07-31,493304.0,2752.0,2705.429,12940.0,17.0,10.571,47328.154,264.03,259.562,1241.479,1.631,1.014,,,,,,,,,,,,,,,,,,,10536457.0,5705615.0,5165666.0,60540.0,53674.0,101.09,54.74,49.56,5150.0,,10423056.0,83.479,45.3,20.396,14.524000000000001,24574.382,1.5,175.695,4.55,35.3,52.0,,4.21,82.24,0.888,
39205,GRD,North America,Grenada,2021-07-31,164.0,0.0,0.0,1.0,0.0,0.0,1457.5320000000002,0.0,0.0,8.887,0.0,0.0,,,,,,,,,,,,,,,,,,,,,,,,,,,,,112519.0,317.132,29.4,7.303999999999999,5.021,13593.877,,243.96400000000003,10.71,,,,3.7,72.4,0.779,
39737,GTM,North America,Guatemala,2021-07-31,368484.0,2956.0,2524.0,10339.0,50.0,35.143,20567.811,164.99599999999998,140.88299999999998,577.096,2.7910000000000004,1.962,,,,,,,,,,,,,,,,,,,2160074.0,1824440.0,335634.0,51902.0,65626.0,12.06,10.18,1.87,3663.0,,17915567.0,157.834,22.9,4.694,3.016,7423.808000000001,8.7,155.898,10.18,,,76.665,0.6,74.3,0.6629999999999999,
40432,GIN,Africa,Guinea,2021-07-31,25688.0,124.0,99.286,220.0,6.0,3.1430000000000002,1956.02,9.442,7.56,16.752,0.457,0.239,,,,,,,,,,,,,,,,,,,,,,,,,,,,,13132792.0,51.755,19.0,3.135,1.733,1998.9260000000002,35.3,336.717,2.42,,,17.45,0.3,61.6,0.47700000000000004,
40927,GNB,Africa,Guinea-Bissau,2021-07-31,4479.0,28.0,38.714,76.0,1.0,0.28600000000000003,2275.917,14.228,19.672,38.618,0.508,0.145,,,,,,,,,,,,,,,,,,,,,,,,,,,,,1967998.0,66.191,19.4,3.002,1.565,1548.675,67.1,382.474,2.42,,,6.403,,58.32,0.48,
41435,GUY,South America,Guyana,2021-07-31,22523.0,65.0,61.857,541.0,6.0,2.571,28634.851000000002,82.63799999999999,78.643,687.806,7.627999999999999,3.2689999999999997,,,,,,,,,,,,,,,,,,,,,,,,,,,,,786559.0,3.952,26.3,5.305,2.8369999999999997,7435.047,,373.159,11.62,,,77.15899999999999,1.6,69.91,0.682,
41935,HTI,North America,Haiti,2021-07-31,20077.0,0.0,45.0,545.0,0.0,3.1430000000000002,1760.749,0.0,3.946,47.79600000000001,0.0,0.276,,,,,,,,,,,,,,,,,,,,,,,,,,,,,11402533.0,398.44800000000004,24.3,4.8,2.9539999999999997,1653.1729999999998,23.5,430.548,6.65,2.9,23.1,22.863000000000003,0.7,64.0,0.51,
42444,HND,North America,Honduras,2021-07-31,297111.0,0.0,1496.5710000000001,7834.0,0.0,34.286,29997.25,0.0,151.099,790.945,0.0,3.4619999999999997,,,,,,,,,,,,,,,,,,,,,,,,,,,,,9904608.0,82.805,24.9,4.652,2.883,4541.795,16.0,240.208,7.21,2.0,,84.169,0.7,75.27,0.634,
43001,HKG,Asia,Hong Kong,2021-07-31,11984.0,0.0,1.286,212.0,0.0,0.0,1598.509,0.0,0.171,28.278000000000002,0.0,0.0,,,,,,,,,,,,,,,,,,,5663222.0,3227369.0,2435853.0,65026.0,64175.0,75.54,43.05,32.49,8560.0,,7496988.0,7039.714,44.8,16.303,10.158,56054.92,,,8.33,,,,,84.86,0.9490000000000001,
43518,HUN,Europe,Hungary,2021-07-31,809491.0,0.0,55.714,30026.0,0.0,0.857,83795.204,0.0,5.767,3108.1690000000003,0.0,0.08900000000000001,,,,,,,,,,,,,,,,,,,,,,,,,,,,,9660350.0,108.04299999999999,43.4,18.577,11.975999999999999,26777.561,0.5,278.296,7.55,26.8,34.8,,7.02,76.88,0.8540000000000001,
44040,ISL,Europe,Iceland,2021-07-31,7959.0,158.0,115.85700000000001,30.0,0.0,0.0,23323.077,463.004,339.50800000000004,87.912,0.0,0.0,,,,,,,,,,,,,,,,,,,,,,,,,,,,,341250.0,3.404,37.3,14.431,9.207,46482.958,0.2,117.992,5.31,14.3,15.2,,2.91,82.99,0.9490000000000001,
44590,IND,Asia,India,2021-07-31,31655824.0,41831.0,40560.429,424351.0,541.0,542.857,22938.93,30.311999999999998,29.392,307.5,0.392,0.39299999999999996,,,,,,,,,,,,,,,,,,,,,,,4817171.0,,,,3491.0,,1380004385.0,450.41900000000004,28.2,5.989,3.4139999999999997,6426.674,21.2,282.28,10.39,1.9,20.6,59.55,0.53,69.66,0.645,
45108,IDN,Asia,Indonesia,2021-07-31,3409658.0,37284.0,40261.714,94119.0,1808.0,1729.4289999999999,12465.68,136.31,147.196,344.098,6.61,6.3229999999999995,,,,,,,,,,,,,,,,,,,67761337.0,47226514.0,20534823.0,808923.0,882488.0,24.77,17.27,7.51,3226.0,,273523621.0,145.725,29.3,5.319,3.053,11188.743999999999,5.7,342.86400000000003,6.32,2.8,76.1,64.204,1.04,71.72,0.718,
45650,OWID_INT,,International,2021-07-31,721.0,0.0,0.0,15.0,0.0,0.0,,,,,,,,,,,,,,,,,,,,,,,,,,,,,,,,,,,,,,,,,,,,,,,,,,
46180,IRN,Asia,Iran,2021-07-31,3871008.0,19846.0,29531.714,90630.0,286.0,299.714,46087.295,236.282,351.598,1079.019,3.405,3.568,,,,,,,,,,,,,,,,,,,,,,,,,,,,,83992953.0,49.831,32.4,5.44,3.182,19082.62,0.2,270.308,9.59,0.8,21.1,,1.5,76.68,0.7829999999999999,
46705,IRQ,Asia,Iraq,2021-07-31,1626599.0,10215.0,11871.143,18657.0,62.0,60.714,40440.024,253.96200000000002,295.137,463.845,1.541,1.5090000000000001,,,,,,,,,,,,,,,,,,,,,,,,,,,,,40222503.0,88.125,20.0,3.1860000000000004,1.9569999999999999,15663.986,2.5,218.612,8.83,,,94.57600000000001,1.4,70.6,0.674,
47225,IRL,Europe,Ireland,2021-07-31,300976.0,1427.0,1300.857,5035.0,0.0,1.286,60953.51,288.995,263.449,1019.686,0.0,0.26,,,,,,,,,,,,,,,,,,,5849924.0,3307341.0,2758980.0,26913.0,46548.0,118.47,66.98,55.87,9427.0,48.15,4937796.0,69.874,38.7,13.927999999999999,8.677999999999999,67335.293,0.2,126.459,3.28,23.0,25.7,,2.96,82.3,0.955,
47418,IMN,Europe,Isle of Man,2021-07-31,,,,,,,,,,,,,,,,,,,,,,,,,,,,,,,123947.0,64872.0,59075.0,527.0,415.0,145.77,76.29,69.47,4881.0,,85032.0,147.872,,,,,,,,,,,,81.4,,
47946,ISR,Asia,Israel,2021-07-31,874018.0,2675.0,2088.571,6473.0,4.0,2.1430000000000002,100977.859,309.051,241.299,747.845,0.462,0.248,,36.0,4.159,371.0,42.863,,,,,,,,,,,,,,11159413.0,5784644.0,5374769.0,4810.0,15528.0,128.93,66.83,62.1,1794.0,,8655541.0,402.606,30.6,11.732999999999999,7.359,33132.32,0.5,93.32,6.74,15.4,35.4,,2.99,82.97,0.919,
48495,ITA,Europe,Italy,2021-07-31,4350028.0,6509.0,5336.429,128063.0,16.0,17.285999999999998,71946.683,107.655,88.26100000000001,2118.08,0.265,0.28600000000000003,,,,,,,,,,,,,,,,,,,68510361.0,38403290.0,31459790.0,425238.0,496402.0,113.31,63.52,52.03,8210.0,,60461828.0,205.859,47.9,23.021,16.24,35220.084,2.0,113.15100000000001,4.78,19.8,27.8,,3.18,83.51,0.892,
49004,JAM,North America,Jamaica,2021-07-31,52895.0,211.0,172.71400000000003,1190.0,3.0,3.1430000000000002,17862.926,71.256,58.327,401.869,1.013,1.061,,,,,,,,,,,,,,,,,,,,,,,,,,,,,2961161.0,266.879,31.4,9.684,6.39,8193.571,,206.537,11.28,5.3,28.6,66.425,1.7,74.47,0.7340000000000001,
49562,JPN,Asia,Japan,2021-07-31,927058.0,12340.0,8676.143,15206.0,9.0,19.714000000000002,7329.8859999999995,97.568,68.59899999999999,120.228,0.071,0.156,,,,,,,,,,,,,,,,,,,86857386.0,50113228.0,36744158.0,808951.0,1002650.0,68.67,39.62,29.05,7928.0,50.46,126476458.0,347.778,48.2,27.049,18.493,39002.223,,79.37,5.72,11.2,33.7,,13.05,84.63,0.919,
50213,JOR,Asia,Jordan,2021-07-31,770712.0,562.0,970.0,10032.0,12.0,12.0,75536.747,55.081,95.069,983.227,1.176,1.176,,,,,,,,,,,,,,,,,,,5214727.0,2989511.0,2225216.0,40862.0,66539.0,51.11,29.3,21.81,6521.0,,10203140.0,109.285,23.2,3.81,2.3609999999999998,8337.49,0.1,208.257,11.75,,,,1.4,74.53,0.7290000000000001,
50720,KAZ,Asia,Kazakhstan,2021-07-31,633469.0,0.0,7350.857,5866.0,0.0,88.85700000000001,33736.959,0.0,391.48800000000006,312.408,0.0,4.732,,,,,,,,,,,,,,,,,,,9101581.0,5370661.0,3730920.0,147796.0,118954.0,48.47,28.6,19.87,6335.0,,18776707.0,6.681,30.6,6.9910000000000005,4.625,24055.588,0.1,466.792,7.11,7.0,43.1,98.999,6.7,73.6,0.825,
51234,KEN,Africa,Kenya,2021-07-31,203213.0,1259.0,924.0,3931.0,5.0,11.714,3779.2090000000003,23.414,17.184,73.10600000000001,0.09300000000000001,0.218,,,,,,,,,,,,,,,,,,,,,,,,,,,,,53771300.0,87.324,20.0,2.6860000000000004,1.528,2993.028,36.8,218.637,2.92,1.2,20.4,24.651,1.4,66.7,0.601,
51310,KIR,Oceania,Kiribati,2021-07-31,2.0,0.0,0.0,,,0.0,16.744,0.0,0.0,,,0.0,,,,,,,,,,,,,,,,,,,,,,,,,,,,,119446.0,143.701,23.2,3.895,2.21,1981.132,,434.657,22.66,35.9,58.9,,1.9,68.37,0.63,
51816,OWID_KOS,Europe,Kosovo,2021-07-31,108365.0,92.0,53.286,2269.0,0.0,0.0,56067.083,47.6,27.57,1173.96,0.0,0.0,,,,,,,,,,,,,,,,,,,428818.0,282603.0,146215.0,15740.0,11515.0,22.19,14.62,7.57,5958.0,,1932774.0,168.155,,,,9795.834,0.6,,,,,,,,,
52341,KWT,Asia,Kuwait,2021-07-31,397831.0,733.0,864.2860000000001,2320.0,6.0,5.857,93156.57,171.64,202.382,543.254,1.405,1.3719999999999999,,,,,,,,,,,,,,,,,,,,,,,,,,,,,4270563.0,232.128,33.7,2.345,1.114,65530.537000000004,,132.235,15.84,2.7,37.0,,2.0,75.49,0.8059999999999999,
52843,KGZ,Asia,Kyrgyzstan,2021-07-31,162892.0,919.0,962.857,2325.0,14.0,12.429,24967.387000000002,140.86,147.583,356.366,2.146,1.905,,,,,,,,,,,,,,,,,,,570564.0,453881.0,116456.0,8036.0,13460.0,8.75,6.96,1.78,2063.0,,6524191.0,32.333,26.3,4.489,2.8819999999999997,3393.474,1.4,436.36199999999997,7.11,3.6,50.5,89.22,4.5,71.45,0.6970000000000001,
53339,LAO,Asia,Laos,2021-07-31,6299.0,380.0,239.857,7.0,1.0,0.28600000000000003,865.7760000000001,52.23,32.968,0.9620000000000001,0.13699999999999998,0.039,,,,,,,,,,,,,,,,,,,,,,,,,,,,,7275556.0,29.715,24.4,4.029,2.322,6397.36,22.7,368.111,4.0,7.3,51.2,49.839,1.5,67.92,0.613,
53866,LVA,Europe,Latvia,2021-07-31,138863.0,64.0,62.571000000000005,2556.0,0.0,0.857,73620.429,33.931,33.173,1355.104,0.0,0.45399999999999996,,,,,,,,,,,,,,,,,,,1351733.0,768202.0,683397.0,2754.0,4832.0,71.66,40.73,36.23,2562.0,,1886202.0,31.212,43.9,19.754,14.136,25063.846,0.7,350.06,4.91,25.6,51.0,,5.57,75.29,0.866,
54394,LBN,Asia,Lebanon,2021-07-31,561380.0,984.0,988.857,7906.0,3.0,2.1430000000000002,82248.15299999999,144.166,144.878,1158.313,0.44,0.314,,,,,,,,,,,,,,,,,,,1946891.0,1113441.0,833450.0,1964.0,22912.0,28.52,16.31,12.21,3357.0,65.74,6825442.0,594.561,31.1,8.514,5.43,13367.565,,266.591,12.71,26.9,40.7,,2.9,78.93,0.7440000000000001,
54840,LSO,Africa,Lesotho,2021-07-31,12908.0,0.0,17.285999999999998,374.0,0.0,2.4290000000000003,6025.435,0.0,8.068999999999999,174.583,0.0,1.1340000000000001,,,,,,,,,,,,,,,,,,,,,,,,,,,,,2142252.0,73.562,22.2,4.506,2.647,2851.153,59.6,405.126,3.94,0.4,53.9,2.117,,54.33,0.527,
55344,LBR,Africa,Liberia,2021-07-31,5396.0,0.0,0.0,148.0,0.0,0.0,1066.893,0.0,0.0,29.261999999999997,0.0,0.0,,,,,,,,,,,,,,,,,,,,,,,,,,,,,5057677.0,49.126999999999995,19.2,3.057,1.756,752.788,38.6,272.509,2.42,1.5,18.1,1.188,0.8,64.1,0.48,
55860,LBY,Africa,Libya,2021-07-31,249114.0,0.0,2787.143,3509.0,0.0,23.570999999999998,36254.344,0.0,405.62199999999996,510.676,0.0,3.43,,,,,,,,,,,,,,,,,,,,,,,,,,,,,6871287.0,3.623,29.0,4.4239999999999995,2.8160000000000003,17881.509,,341.86199999999997,10.43,,,,3.7,72.91,0.7240000000000001,
56376,LIE,Europe,Liechtenstein,2021-07-31,3085.0,0.0,1.429,59.0,0.0,0.0,80892.572,0.0,37.459,1547.0539999999999,0.0,0.0,,,,,,,,,,,,,,,,,,,,,,,,,,,,,38137.0,237.012,,,,,,,7.77,,,,2.397,82.49,0.919,
56896,LTU,Europe,Lithuania,2021-07-31,282818.0,402.0,292.0,4415.0,2.0,0.7140000000000001,103889.70199999999,147.67,107.26299999999999,1621.796,0.735,0.262,,,,,,,,,,,,,,,,,,,2658212.0,1414386.0,1243826.0,7093.0,13984.0,97.65,51.96,45.69,5137.0,,2722291.0,45.135,43.5,19.002,13.777999999999999,29524.265,0.7,342.98900000000003,3.67,21.3,38.0,,6.56,75.93,0.882,
57423,LUX,Europe,Luxembourg,2021-07-31,73870.0,0.0,65.429,822.0,0.0,0.14300000000000002,118007.719,0.0,104.522,1313.149,0.0,0.228,,,,,,,,,,,,,,,,,,,,,,,,,,,,,625976.0,231.447,39.7,14.312000000000001,9.842,94277.965,0.2,128.275,4.42,20.9,26.0,,4.51,82.25,0.9159999999999999,
57598,MAC,Asia,Macao,2021-07-31,,,,,,,,,,,,,,,,,,,,,,,,,,,,,,,509754.0,284657.0,226851.0,4422.0,4188.0,78.5,43.84,34.94,6450.0,,649342.0,20546.766,39.2,9.798,4.9910000000000005,104861.851,,,,,,,,84.24,,
58098,MDG,Africa,Madagascar,2021-07-31,42663.0,11.0,10.429,943.0,0.0,0.5710000000000001,1540.68,0.397,0.377,34.054,0.0,0.021,,,,,,,,,,,,,,,,,,,,,,,,,,,,,27691019.0,43.951,19.6,2.929,1.686,1416.44,77.6,405.994,3.94,,,50.54,0.2,67.04,0.528,
58589,MWI,Africa,Malawi,2021-07-31,52347.0,538.0,611.571,1635.0,21.0,25.285999999999998,2736.389,28.123,31.969,85.46799999999999,1.0979999999999999,1.3219999999999998,,,,,,,,,,,,,,,,,,,,,,,,,,,,,19129955.0,197.519,18.1,2.9789999999999996,1.7830000000000001,1095.042,71.4,227.34900000000002,3.94,4.4,24.7,8.704,1.3,64.26,0.483,
59144,MYS,Asia,Malaysia,2021-07-31,1113272.0,17786.0,16697.0,9024.0,299.0,160.286,34396.344,549.5269999999999,515.881,278.811,9.238,4.952,,,,,,,,,,,,,,,,,,,20720351.0,13949423.0,6770928.0,519364.0,523213.0,64.02,43.1,20.92,16166.0,,32365998.0,96.25399999999999,29.9,6.292999999999999,3.407,26808.164,0.1,260.942,16.74,1.0,42.4,,1.9,76.16,0.81,
59656,MDV,Asia,Maldives,2021-07-31,77432.0,123.0,115.0,221.0,0.0,0.28600000000000003,143248.813,227.549,212.74900000000002,408.849,0.0,0.529,,,,,,,,,,,,,,,,,,,,,,,,,,,,,540542.0,1454.433,30.6,4.12,2.875,15183.616000000002,,164.905,9.19,2.1,55.0,95.803,,78.92,0.74,
60151,MLI,Africa,Mali,2021-07-31,14584.0,10.0,6.2860000000000005,532.0,0.0,0.28600000000000003,720.168,0.494,0.31,26.271,0.0,0.013999999999999999,,,,,,,,,,,,,,,,,,,,,,,,,,,,,20250834.0,15.196,16.4,2.519,1.486,2014.306,,268.024,2.42,1.6,23.0,52.232,0.1,59.31,0.434,
60694,MLT,Europe,Malta,2021-07-31,34295.0,94.0,107.714,423.0,0.0,0.28600000000000003,77671.508,212.892,243.952,958.013,0.0,0.647,,,,,,,,,,,,,,,,,,,,,,,2189.0,,,,4958.0,,441539.0,1454.037,42.4,19.426,11.324000000000002,36513.323,0.2,168.71099999999998,8.83,20.9,30.2,,4.485,82.53,0.895,
60972,MHL,Oceania,Marshall Islands,2021-07-31,4.0,0.0,0.0,,,0.0,67.574,0.0,0.0,,,0.0,,,,,,,,,,,,,,,,,,,,,,,,,,,,,59194.0,295.15,,,,3819.202,,557.793,30.53,,,82.50200000000001,2.7,73.7,0.7040000000000001,
61478,MRT,Africa,Mauritania,2021-07-31,25691.0,268.0,305.143,562.0,4.0,4.857,5525.35,57.638999999999996,65.627,120.869,0.86,1.045,,,,,,,,,,,,,,,,,,,,,,,,,,,,,4649660.0,4.289,20.3,3.138,1.7919999999999998,3597.633,6.0,232.347,2.42,,,15.95,,64.92,0.546,
61980,MUS,Africa,Mauritius,2021-07-31,3913.0,0.0,75.0,19.0,0.0,0.0,3076.821,0.0,58.973,14.94,0.0,0.0,,,,,,,,,,,,,,,,,,,,,,,,,,,,,1271767.0,622.962,37.4,10.945,5.8839999999999995,20292.745,0.5,224.644,22.02,3.2,40.7,,3.4,74.99,0.804,
62559,MEX,North America,Mexico,2021-07-31,2848252.0,18809.0,15181.286,240906.0,450.0,370.0,22090.988999999998,145.882,117.74600000000001,1868.4620000000002,3.49,2.87,,,,,,,,,,,,,,,,,,,67355342.0,47463637.0,25792543.0,642856.0,971008.0,52.24,36.81,20.0,7531.0,,128932753.0,66.444,29.3,6.857,4.321000000000001,17336.468999999997,2.5,152.783,13.06,6.9,21.4,87.84700000000001,1.38,75.05,0.779,
62752,FSM,Oceania,Micronesia (country),2021-07-31,1.0,0.0,0.0,,,0.0,8.693999999999999,0.0,0.0,,,0.0,,,,,,,,,,,,,,,,,,,,,,,,,,,,,115021.0,150.77700000000002,23.0,4.81,2.392,3299.4640000000004,16.0,454.343,12.02,,,,,67.88,0.62,
63264,MDA,Europe,Moldova,2021-07-31,259478.0,122.0,128.143,6255.0,0.0,1.857,64323.347,30.243000000000002,31.766,1550.5839999999998,0.0,0.46,,,,,,,,,,,,,,,,,,,1042636.0,548890.0,493746.0,8208.0,12976.0,25.85,13.61,12.24,3217.0,,4033963.0,123.655,37.6,10.864,6.955,5189.972,0.2,408.50199999999995,5.72,5.9,44.6,86.979,5.8,71.9,0.75,
63784,MCO,Europe,Monaco,2021-07-31,2889.0,16.0,15.714,33.0,0.0,0.0,73616.349,407.70599999999996,400.425,840.893,0.0,0.0,,,,,,,,,,,,,,,,,,,,,,,,,,,,,39244.0,19347.5,,,,,,,5.46,,,,13.8,86.75,,
64294,MNG,Asia,Mongolia,2021-07-31,164155.0,1286.0,1275.857,815.0,6.0,6.857,50073.331,392.277,389.18300000000005,248.605,1.83,2.092,,,,,,,,,,,,,,,,,,,,,,,14321.0,,,,4368.0,,3278292.0,1.98,28.6,4.031000000000001,2.421,11840.846000000001,0.5,460.043,4.82,5.5,46.5,71.18,7.0,69.87,0.737,
64797,MNE,Europe,Montenegro,2021-07-31,101927.0,142.0,123.714,1630.0,1.0,0.857,162288.11800000002,226.092,196.97799999999998,2595.285,1.5919999999999999,1.365,,,,,,,,,,,,,,,,,,,329968.0,176140.0,153828.0,2368.0,2045.0,52.54,28.05,24.49,3256.0,,628062.0,46.28,39.1,14.762,9.395,16409.288,1.0,387.305,10.08,44.0,47.9,,3.861,76.88,0.8290000000000001,
65505,MAR,Africa,Morocco,2021-07-31,623528.0,7529.0,6909.429,9785.0,53.0,32.286,16892.944,203.98,187.19400000000002,265.1,1.436,0.875,,,,,,,,,,,,,,,,,,,23755510.0,13631005.0,10124505.0,106032.0,319011.0,64.36,36.93,27.43,8643.0,,36910558.0,80.08,29.6,6.769,4.209,7485.013000000001,1.0,419.14599999999996,7.14,0.8,47.1,,1.1,76.68,0.6859999999999999,
66003,MOZ,Africa,Mozambique,2021-07-31,122028.0,2078.0,1895.4289999999999,1434.0,27.0,25.285999999999998,3904.217,66.484,60.643,45.88,0.8640000000000001,0.809,,,,,,,,,,,,,,,,,,,,,,,,,,,,,31255435.0,37.728,17.7,3.158,1.87,1136.103,62.9,329.94199999999995,3.3,5.1,29.1,12.227,0.7,60.85,0.456,
66496,MMR,Asia,Myanmar,2021-07-31,299185.0,4725.0,4951.143,9334.0,392.0,368.286,5498.734,86.84100000000001,90.99700000000001,171.55,7.205,6.769,,,,,,,,,,,,,,,,,,,,,,,,,,,,,54409794.0,81.721,29.1,5.732,3.12,5591.597,6.4,202.104,4.61,6.3,35.2,79.28699999999999,0.9,67.13,0.583,
67002,NAM,Africa,Namibia,2021-07-31,118922.0,493.0,447.0,3044.0,45.0,40.571,46802.807,194.025,175.921,1197.993,17.71,15.967,,,,,,,,,,,,,,,,,,,,,,,,,,,,87.04,2540916.0,3.0780000000000003,22.0,3.552,2.085,9541.808,13.4,243.81099999999998,3.94,9.7,34.2,44.6,,63.71,0.6459999999999999,
67668,NPL,Asia,Nepal,2021-07-31,695389.0,2280.0,2338.857,9857.0,23.0,23.143,23866.341,78.252,80.27199999999999,338.301,0.789,0.794,,,,,,,,,,,,,,,,,,,5682627.0,3936724.0,1745903.0,,134193.0,19.5,13.51,5.99,4606.0,,29136808.0,204.43,25.0,5.809,3.2119999999999997,2442.804,15.0,260.797,7.26,9.5,37.8,47.782,0.3,70.78,0.602,
68190,NLD,Europe,Netherlands,2021-07-31,1895343.0,3062.0,3919.429,18114.0,6.0,4.571000000000001,110613.192,178.7,228.74,1057.142,0.35,0.267,,,,,,,,,,,,,,,,,,,,,,,,,,,,,17134873.0,508.54400000000004,43.2,18.779,11.880999999999998,48472.545,,109.361,5.29,24.4,27.3,,3.32,82.28,0.9440000000000001,
68887,NZL,Oceania,New Zealand,2021-07-31,2874.0,3.0,1.571,26.0,0.0,0.0,595.989,0.622,0.326,5.392,0.0,0.0,,,,,,,,,,,,,,,,,,,,,,,,,,,,,4822233.0,18.206,37.9,15.322000000000001,9.72,36085.843,,128.797,8.08,14.8,17.2,,2.61,82.29,0.9309999999999999,
69388,NIC,North America,Nicaragua,2021-07-31,9470.0,0.0,51.714,195.0,0.0,0.14300000000000002,1429.53,0.0,7.806,29.436,0.0,0.022000000000000002,,,,,,,,,,,,,,,,,,,,,,,,,,,,,6624554.0,51.667,27.3,5.445,3.5189999999999997,5321.444,3.2,137.016,11.47,,,,0.9,74.48,0.66,
69888,NER,Africa,Niger,2021-07-31,5623.0,7.0,3.571,195.0,0.0,0.0,232.292,0.289,0.14800000000000002,8.056000000000001,0.0,0.0,,,,,,,,,,,,,,,,,,,,,,,,,,,,,24206636.0,16.955,15.1,2.553,1.3780000000000001,926.0,44.5,238.33900000000003,2.42,0.1,15.4,8.978,0.3,62.42,0.39399999999999996,
70409,NGA,Africa,Nigeria,2021-07-31,173908.0,497.0,430.42900000000003,2149.0,0.0,2.4290000000000003,843.6419999999999,2.411,2.088,10.425,0.0,0.012,,,,,,,,,,,,,,,,,,,,,,,,,,,,,206139587.0,209.588,18.1,2.7510000000000003,1.4469999999999998,5338.454000000001,,181.013,2.42,0.6,10.8,41.949,,54.69,0.539,
70983,OWID_NAM,,North America,2021-07-31,41750987.0,66146.0,110546.429,923819.0,758.0,928.2860000000001,70516.715,111.719,186.71099999999998,1560.315,1.28,1.568,,,,,,,,,,,,,,,,,,,498963436.0,286960048.0,224115506.0,1670952.0,2358346.0,84.27,48.47,37.85,3983.0,,592072204.0,,,,,,,,,,,,,,,
71506,MKD,Europe,North Macedonia,2021-07-31,156380.0,81.0,46.571000000000005,5493.0,0.0,0.5710000000000001,75060.719,38.879,22.354,2636.5809999999997,0.0,0.27399999999999997,,,,,,,,,,,,,,,,,,,904583.0,514021.0,390562.0,13204.0,10944.0,43.42,24.67,18.75,5253.0,,2083380.0,82.6,39.1,13.26,8.16,13111.214,5.0,322.688,10.08,,,,4.28,75.8,0.774,
72195,NOR,Europe,Norway,2021-07-31,137627.0,156.0,285.143,799.0,0.0,0.0,25386.618,28.776,52.597,147.38299999999998,0.0,0.0,,,,,,,,,,,,,,,,,,,,,,,,,,,,,5421242.0,14.462,39.7,16.820999999999998,10.812999999999999,64800.057,0.2,114.316,5.31,19.6,20.7,,3.6,82.4,0.9570000000000001,
72750,OWID_OCE,,Oceania,2021-07-31,84789.0,1421.0,1260.5710000000001,1381.0,5.0,9.571,1986.723,33.296,29.537,32.359,0.11699999999999999,0.22399999999999998,,,,,,,,,,,,,,,,,,,15112636.0,10279315.0,4833321.0,200706.0,198624.0,35.41,24.09,11.33,4654.0,,42677809.0,,,,,,,,,,,,,,,
73275,OMN,Asia,Oman,2021-07-31,295857.0,0.0,973.571,3814.0,0.0,45.143,57935.950999999994,0.0,190.649,746.873,0.0,8.84,,,,,,,,,,,,,,,,,,,,,,,,,,,,,5106622.0,14.98,30.7,2.355,1.53,37960.709,,266.342,12.61,0.5,15.6,97.4,1.6,77.86,0.813,
73799,PAK,Asia,Pakistan,2021-07-31,1034837.0,5026.0,4306.143,23422.0,62.0,58.0,4684.803,22.753,19.494,106.03399999999999,0.281,0.263,,,,,,,,,,,,,,,,,,,29648055.0,,6312421.0,904830.0,678588.0,13.42,,2.86,3072.0,,220892331.0,255.57299999999998,23.5,4.495,2.78,5034.708,4.0,423.031,8.35,2.8,36.7,59.607,0.6,67.27,0.557,
74314,PSE,Asia,Palestine,2021-07-31,316738.0,135.0,110.0,3603.0,2.0,1.0,62088.252,26.463,21.563000000000002,706.2739999999999,0.392,0.196,,,,,,,,,,,,,,,,,,,1007483.0,591569.0,415914.0,76.0,4418.0,19.75,11.6,8.15,866.0,,5101416.0,778.202,20.4,3.043,1.726,4449.898,1.0,265.91,10.59,,,,,74.05,0.708,
74825,PAN,North America,Panama,2021-07-31,435655.0,1195.0,938.857,6823.0,15.0,10.429,100968.349,276.95599999999996,217.592,1581.3129999999999,3.4760000000000004,2.417,,,,,,,,,,,,,,,,,,,,,,,,,,,,,4314768.0,55.133,29.7,7.917999999999999,5.03,22267.037,2.2,128.346,8.33,2.4,9.9,,2.3,78.51,0.815,
75325,PNG,Oceania,Papua New Guinea,2021-07-31,17717.0,44.0,11.429,192.0,0.0,0.0,1980.211,4.918,1.2770000000000001,21.46,0.0,0.0,,,,,,,,,,,,,,,,,,,,,,,,,,,,,8947027.0,18.22,22.6,3.8080000000000003,2.142,3823.1940000000004,,561.494,17.65,23.5,48.8,,,64.5,0.555,
75838,PRY,South America,Paraguay,2021-07-31,452388.0,303.0,495.714,14981.0,52.0,55.428999999999995,63426.02099999999,42.481,69.5,2100.377,7.291,7.771,,,,,,,,,,,,,,,,,,,,,,,,,,,,,7132530.0,17.144000000000002,26.5,6.377999999999999,3.833,8827.01,1.7,199.128,8.27,5.0,21.6,79.602,1.3,74.25,0.728,
76417,PER,South America,Peru,2021-07-31,2111393.0,2798.0,1212.714,196353.0,139.0,79.714,64036.239,84.86,36.78,5955.172,4.216,2.418,,,,,,,,,,,,,,,,,,,13152285.0,7997150.0,5155135.0,163541.0,145790.0,39.89,24.25,15.63,4422.0,,32971846.0,25.129,29.1,7.151,4.455,12236.706,3.5,85.755,5.95,4.8,,,1.6,76.74,0.777,
76967,PHL,Asia,Philippines,2021-07-31,1588965.0,8141.0,6526.286,27889.0,167.0,108.286,14500.358,74.292,59.556999999999995,254.50599999999997,1.524,0.988,,,,,,,,,,,,,,,,,,,,,,,,,,,,,109581085.0,351.87300000000005,25.2,4.803,2.661,7599.188,,370.43699999999995,7.07,7.8,40.8,78.46300000000001,1.0,71.23,0.718,
77534,POL,Europe,Poland,2021-07-31,2882939.0,153.0,124.714,75261.0,2.0,2.8569999999999998,76174.30900000001,4.043,3.295,1988.58,0.053,0.075,,,,,,,,,,,,,,,,,,,34429956.0,18332060.0,17470071.0,95697.0,103445.0,90.97,48.44,46.16,2733.0,,37846605.0,124.027,41.8,16.762999999999998,10.202,27216.445,,227.331,5.91,23.3,33.1,,6.62,78.73,0.88,
78064,PRT,Europe,Portugal,2021-07-31,966041.0,0.0,2229.571,17344.0,0.0,8.571,94740.48800000001,0.0,218.65599999999998,1700.941,0.0,0.841,,,,,,,,,,,,,,,,,,,12120727.0,7010170.0,5685309.0,93423.0,88948.0,118.87,68.75,55.76,8723.0,,10196707.0,112.37100000000001,46.2,21.502,14.924000000000001,27936.896,0.5,127.84200000000001,9.85,16.3,30.0,,3.39,82.05,0.8640000000000001,
78584,QAT,Asia,Qatar,2021-07-31,226239.0,162.0,166.71400000000003,601.0,0.0,0.14300000000000002,78526.306,56.229,57.86600000000001,208.604,0.0,0.05,,,,,,,,,,,,,,,,,,,3780468.0,2053529.0,1726939.0,4908.0,19781.0,131.22,71.28,59.94,6866.0,,2881060.0,227.322,31.9,1.307,0.617,116935.6,,176.69,16.52,0.8,26.9,,1.2,80.23,0.848,
79107,ROU,Europe,Romania,2021-07-31,1083189.0,156.0,143.714,34281.0,3.0,2.0,56305.587999999996,8.109,7.47,1781.971,0.156,0.10400000000000001,,,,,,,,,,,,,,,,,,,9406063.0,4993968.0,4864843.0,11152.0,13673.0,48.89,25.96,25.29,711.0,,19237682.0,85.12899999999999,43.0,17.85,11.69,23313.199,5.7,370.94599999999997,9.74,22.9,37.1,,6.892,76.05,0.828,
79656,RUS,Europe,Russia,2021-07-31,6185249.0,23264.0,22793.0,155952.0,772.0,767.0,42383.745,159.414,156.187,1068.644,5.29,5.256,,,,,,,,,,,,,,,,,,,61902078.0,36621627.0,25280451.0,905533.0,655504.0,42.42,25.09,17.32,4492.0,,145934460.0,8.823,39.6,14.177999999999999,9.392999999999999,24765.953999999998,0.1,431.29699999999997,6.18,23.4,58.3,,8.05,72.58,0.8240000000000001,
80162,RWA,Africa,Rwanda,2021-07-31,70698.0,860.0,1195.714,808.0,10.0,11.571,5458.374,66.398,92.31700000000001,62.383,0.772,0.893,,,,,,,,,,,,,,,,,,,,,,,,,,,,,12952209.0,494.869,20.3,2.9739999999999998,1.642,1854.211,56.0,191.375,4.28,4.7,21.0,4.617,,69.02,0.5429999999999999,
80749,KNA,North America,Saint Kitts and Nevis,2021-07-31,593.0,4.0,4.143,3.0,0.0,0.0,11148.293,75.199,77.885,56.398999999999994,0.0,0.0,,,,,,,,,,,,,,,,,,,43640.0,23872.0,19768.0,,59.0,82.04,44.88,37.16,1109.0,,53192.0,212.865,,,,24654.385,,,12.84,,,,2.3,76.23,0.779,
81255,LCA,North America,Saint Lucia,2021-07-31,5610.0,29.0,13.429,89.0,0.0,0.14300000000000002,30550.73,157.92700000000002,73.12899999999999,484.673,0.0,0.778,,,,,,,,,,,,,,,,,,,57066.0,32291.0,24775.0,227.0,161.0,31.08,17.58,13.49,877.0,,183629.0,293.187,34.9,9.721,6.405,12951.839,,204.62,11.62,,,87.20200000000001,1.3,76.2,0.759,
81761,VCT,North America,Saint Vincent and the Grenadines,2021-07-31,2291.0,0.0,2.8569999999999998,12.0,0.0,0.0,20649.499,0.0,25.752,108.16,0.0,0.0,,,,,,,,,,,,,,,,,,,,,,,,,,,,,110947.0,281.78700000000003,31.8,7.724,4.832,10727.146,,252.675,11.62,,,,2.6,72.53,0.738,
82018,WSM,Oceania,Samoa,2021-07-31,3.0,0.0,0.0,,,0.0,15.12,0.0,0.0,,,0.0,,,,,,,,,,,,,,,,,,,,,,,,,,,,,198410.0,69.413,22.0,5.606,3.5639999999999996,6021.557,,348.977,9.21,16.7,38.1,,,73.32,0.715,
82540,SMR,Europe,San Marino,2021-07-31,5130.0,0.0,4.428999999999999,90.0,0.0,0.0,151157.994,0.0,130.49,2651.895,0.0,0.0,,,,,,,,,,,,,,,,,,,,,,,,,,,,38.89,33938.0,556.6669999999999,,,,56861.47,,,5.64,,,,3.8,84.97,,
83023,STP,Africa,Sao Tome and Principe,2021-07-31,2454.0,8.0,4.2860000000000005,37.0,0.0,0.0,11197.248,36.503,19.555,168.826,0.0,0.0,,,,,,,,,,,,,,,,,,,,,,,,,,,,,219161.0,212.84099999999998,18.7,2.886,2.162,3052.7140000000004,32.3,270.113,2.42,,,41.34,2.9,70.39,0.625,
83541,SAU,Asia,Saudi Arabia,2021-07-31,525730.0,3622.0,1254.4289999999999,8237.0,37.0,11.714,15101.166000000001,104.039,36.032,236.601,1.063,0.336,,,,,,,,,,,,,,,,,,,26867756.0,18786436.0,8081320.0,299806.0,364789.0,77.18,53.96,23.21,10478.0,,34813867.0,15.322000000000001,31.9,3.295,1.845,49045.41099999999,,259.538,17.72,1.8,25.4,,2.7,75.13,0.8540000000000001,
84062,SEN,Africa,Senegal,2021-07-31,62290.0,1045.0,816.7139999999999,1353.0,20.0,12.0,3720.1540000000005,62.411,48.777,80.805,1.194,0.7170000000000001,,,,,,,,,,,,,,,,,,,,,,,,,,,,,16743930.0,82.32799999999999,18.7,3.008,1.796,2470.58,38.0,241.21900000000002,2.42,0.4,16.6,20.859,,67.94,0.512,
84585,SRB,Europe,Serbia,2021-07-31,721918.0,298.0,286.42900000000003,7114.0,2.0,1.571,106092.70599999999,43.794,42.093,1045.47,0.294,0.231,,,,,,,,,,,,,,,,,,,5536170.0,2835895.0,2700275.0,5379.0,7720.0,81.36,41.68,39.68,1135.0,,6804596.0,80.291,41.2,17.366,,14048.881000000001,,439.415,10.08,37.7,40.2,97.719,5.609,76.0,0.8059999999999999,
85091,SYC,Africa,Seychelles,2021-07-31,18189.0,0.0,63.143,94.0,0.0,0.7140000000000001,184960.342,0.0,642.087,955.867,0.0,7.263,,,,,,,,,,,,,,,,,,,,,,,,,,,,,98340.0,208.354,36.2,8.606,5.586,26382.287,1.1,242.648,10.55,7.1,35.7,,3.6,73.4,0.7959999999999999,
85580,SLE,Africa,Sierra Leone,2021-07-31,6283.0,4.0,9.286,120.0,0.0,0.28600000000000003,787.6410000000001,0.501,1.1640000000000001,15.043,0.0,0.036000000000000004,,,,,,,,,,,,,,,,,,,,,,,,,,,,,7976985.0,104.7,19.1,2.5380000000000003,1.285,1390.3,52.2,325.721,2.42,8.8,41.3,19.275,,54.7,0.452,
86137,SGP,Asia,Singapore,2021-07-31,64981.0,120.0,132.429,37.0,0.0,0.0,11107.212,20.511999999999997,22.636,6.324,0.0,0.0,,,,,,,,,,,,,,,,,,,7576612.0,4307602.0,3391799.0,72058.0,63690.0,129.51,73.63,57.98,10887.0,50.93,5850343.0,7915.731,42.4,12.922,7.0489999999999995,85535.383,,92.243,10.99,5.2,28.3,,2.4,83.62,0.938,
86735,SVK,Europe,Slovakia,2021-07-31,392647.0,66.0,55.428999999999995,12540.0,4.0,0.857,71918.072,12.089,10.152000000000001,2296.853,0.733,0.157,,,,,,,,,,,,,,,,,,,,,,,,,,,,,5459643.0,113.12799999999999,41.2,15.07,9.167,30155.152000000002,0.7,287.959,7.29,23.1,37.7,,5.82,77.54,0.86,
87282,SVN,Europe,Slovenia,2021-07-31,259215.0,136.0,85.14299999999999,4429.0,1.0,0.28600000000000003,124686.618,65.418,40.955,2130.4210000000003,0.48100000000000004,0.13699999999999998,,,,,,,,,,,,,,,,,,,1730277.0,920074.0,810203.0,2186.0,6161.0,83.23,44.26,38.97,2964.0,,2078932.0,102.619,44.5,19.062,12.93,31400.84,,153.493,7.25,20.1,25.0,,4.5,81.32,0.917,
87576,SLB,Oceania,Solomon Islands,2021-07-31,20.0,0.0,0.0,,,0.0,29.116999999999997,0.0,0.0,,,0.0,,,,,,,,,,,,,,,,,,,,,,,,,,,,,686878.0,21.840999999999998,20.8,3.5069999999999997,2.043,2205.923,25.1,459.78,18.68,,,35.89,1.4,73.0,0.5670000000000001,
88080,SOM,Africa,Somalia,2021-07-31,15403.0,45.0,28.570999999999998,811.0,2.0,3.1430000000000002,969.155,2.8310000000000004,1.798,51.028,0.126,0.198,,,,,,,,,,,,,,,,,,,,,,,,,,,,,15893219.0,23.5,16.8,2.7310000000000003,1.496,,,365.769,6.05,,,9.831,0.9,57.4,,
88622,ZAF,Africa,South Africa,2021-07-31,2447454.0,12418.0,11335.571000000002,72013.0,334.0,360.714,41266.364,209.37900000000002,191.128,1214.2069999999999,5.632000000000001,6.082000000000001,,,,,,,,,,,,,,,,,,,,,,,,,,,,51.85,59308690.0,46.754,27.3,5.343999999999999,3.053,12294.876,18.9,200.38,5.52,8.1,33.2,43.993,2.32,64.13,0.7090000000000001,
89149,OWID_SAM,,South America,2021-07-31,35508526.0,64908.0,63973.857,1089793.0,1716.0,1984.286,82432.317,150.683,148.514,2529.9320000000002,3.984,4.606,,,,,,,,,,,,,,,,,,,268145274.0,189315121.0,85850327.0,4164819.0,2839487.0,62.25,43.95,19.93,6592.0,,430759772.0,,,,,,,,,,,,,,,
89708,KOR,Asia,South Korea,2021-07-31,199787.0,1442.0,1562.714,2098.0,3.0,3.571,3896.824,28.125999999999998,30.480999999999998,40.921,0.059000000000000004,0.07,,,,,,,,,,,,,,,,,,,25460280.0,19444120.0,7145922.0,227623.0,401835.0,49.66,37.93,13.94,7838.0,,51269183.0,527.967,43.4,13.914000000000001,8.622,35938.373999999996,0.2,85.99799999999999,6.8,6.2,40.9,,12.27,83.03,0.9159999999999999,
90192,SSD,Africa,South Sudan,2021-07-31,11049.0,0.0,18.857,119.0,0.0,0.28600000000000003,987.071,0.0,1.685,10.630999999999998,0.0,0.026000000000000002,,,,,,,,,,,,,,,,,,,,,,,,,,,,,11193729.0,,19.2,3.4410000000000003,2.032,1569.888,,280.775,10.43,,,,,57.85,0.433,
90740,ESP,Europe,Spain,2021-07-31,4447044.0,0.0,23802.142999999996,81486.0,0.0,37.857,95114.205,0.0,509.085,1742.838,0.0,0.81,,,,,,,,,,,,,,,,,,,,,,,,,,,,,46754783.0,93.105,45.5,19.436,13.799000000000001,34272.36,1.0,99.40299999999999,7.17,27.4,31.4,,2.97,83.56,0.904,
91293,LKA,Asia,Sri Lanka,2021-07-31,308812.0,2150.0,1994.5710000000001,4436.0,56.0,54.571000000000005,14421.538,100.405,93.147,207.16099999999997,2.615,2.548,,,,,,,,,,,,,,,,,,,11768810.0,9634704.0,2134106.0,526092.0,475620.0,54.96,44.99,9.97,22211.0,,21413250.0,341.955,34.1,10.068999999999999,5.331,11669.077,0.7,197.093,10.68,0.3,27.0,,3.6,76.98,0.782,
91801,SDN,Africa,Sudan,2021-07-31,37138.0,0.0,0.0,2776.0,0.0,0.0,846.947,0.0,0.0,63.308,0.0,0.0,,,,,,,,,,,,,,,,,,,,,,,,,,,,,43849269.0,23.258000000000003,19.7,3.548,2.0340000000000003,4466.5070000000005,,431.38800000000003,15.67,,,23.436999999999998,0.8,65.31,0.51,
92307,SUR,South America,Suriname,2021-07-31,25351.0,64.0,79.143,649.0,4.0,3.0,43214.337999999996,109.09700000000001,134.91,1106.312,6.819,5.114,,,,,,,,,,,,,,,,,,,245971.0,,,1593.0,1491.0,41.93,,,2542.0,,586634.0,3.612,29.6,6.933,4.229,13767.118999999999,,258.314,12.54,7.4,42.9,67.779,3.1,71.68,0.738,
92855,SWE,Europe,Sweden,2021-07-31,1100040.0,0.0,463.0,14655.0,0.0,0.5710000000000001,108922.724,0.0,45.845,1451.095,0.0,0.057,,,,,,,,,,,,,,,,,,,,,,,,,,,,37.04,10099270.0,24.718000000000004,41.0,19.985,13.433,46949.282999999996,0.5,133.982,4.79,18.8,18.9,,2.22,82.8,0.945,
93379,CHE,Europe,Switzerland,2021-07-31,717665.0,0.0,713.857,10904.0,-1.0,1.286,82922.782,0.0,82.48299999999999,1259.905,-0.11599999999999999,0.149,,,,,,,,,,,,,,,,,,,,,,,,,,,,,8654618.0,214.243,43.1,18.436,12.644,57410.166,,99.73899999999999,5.59,22.6,28.9,,4.53,83.78,0.955,
93877,SYR,Asia,Syria,2021-07-31,25963.0,9.0,14.0,1914.0,1.0,1.286,1483.5439999999999,0.514,0.8,109.367,0.057,0.073,,,,,,,,,,,,,,,,,,,,,,,,,,,,,17500657.0,,21.7,,2.577,,,376.264,,,,70.598,1.5,72.7,0.5670000000000001,
94441,TWN,Asia,Taiwan,2021-07-31,15674.0,12.0,16.570999999999998,787.0,0.0,0.14300000000000002,658.1080000000001,0.504,0.696,33.044000000000004,0.0,0.006,,,,,,,,,,,,,,,,,,,,,,,238421.0,,,,10011.0,,23816775.0,,42.2,,8.353,,,103.95700000000001,,,,,,80.46,,
94900,TJK,Asia,Tajikistan,2021-07-31,15082.0,78.0,82.429,121.0,0.0,0.7140000000000001,1581.3129999999999,8.177999999999999,8.642000000000001,12.687000000000001,0.0,0.075,,,,,,,,,,,,,,,,,,,,,,,,,,,,,9537642.0,64.281,23.3,3.466,2.155,2896.913,4.8,427.69800000000004,7.11,,,72.704,4.8,71.1,0.6679999999999999,
95404,TZA,Africa,Tanzania,2021-07-31,1017.0,0.0,72.571,21.0,0.0,0.0,17.025,0.0,1.215,0.35200000000000004,0.0,0.0,,,,,,,,,,,,,,,,,,,,,,,,,,,,,59734213.0,64.699,17.7,3.108,1.874,2683.304,49.1,217.28799999999998,5.75,3.3,26.7,47.953,0.7,65.46,0.529,
95980,THA,Asia,Thailand,2021-07-31,597287.0,18912.0,16474.286,4857.0,178.0,132.429,8557.123,270.94599999999997,236.021,69.585,2.55,1.8969999999999998,,,,,,,,,,,,,,,,,,,,,,,,,,,,,69799978.0,135.132,40.1,11.373,6.89,16277.671,0.1,109.861,7.04,1.9,38.8,90.67,2.1,77.15,0.777,
96478,TLS,Asia,Timor,2021-07-31,10898.0,154.0,80.143,26.0,0.0,0.0,8265.817,116.805,60.786,19.72,0.0,0.0,,,,,,,,,,,,,,,,,,,,,,,,,,,,,1318442.0,87.176,18.0,3.556,1.8969999999999998,6570.102,30.3,335.346,6.86,6.3,78.1,28.178,5.9,69.5,0.606,
96994,TGO,Africa,Togo,2021-07-31,15798.0,174.0,103.714,152.0,0.0,1.286,1908.2620000000002,21.018,12.527999999999999,18.36,0.0,0.155,,,,,,,,,,,,,,,,,,,,,,,,,,,,,8278737.0,143.366,19.4,2.839,1.525,1429.8129999999999,49.2,280.033,6.15,0.9,14.2,10.475,0.7,61.04,0.515,
97599,TTO,North America,Trinidad and Tobago,2021-07-31,38811.0,254.0,206.571,1070.0,0.0,5.428999999999999,27732.226000000002,181.495,147.605,764.564,0.0,3.8789999999999996,,,,,,,,,,,,,,,,,,,583515.0,388805.0,194710.0,9485.0,10839.0,41.69,27.78,13.91,7745.0,,1399491.0,266.88599999999997,36.2,10.014,5.819,28763.071,,228.467,10.97,,,89.443,3.0,73.51,0.7959999999999999,
98115,TUN,Africa,Tunisia,2021-07-31,589565.0,3419.0,3662.143,19686.0,183.0,188.143,49884.428,289.289,309.862,1665.6770000000001,15.484000000000002,15.919,,,,,,,,,,,,,,,,,,,,,,,,,,,,,11818618.0,74.22800000000001,32.7,8.001,5.075,10849.296999999999,2.0,318.991,8.52,1.1,65.8,78.687,2.3,76.7,0.74,
98624,TUR,Asia,Turkey,2021-07-31,5727045.0,22332.0,19952.429,51332.0,79.0,64.714,67905.008,264.788,236.574,608.638,0.937,0.767,,,,,,,,,,,,,,,,,,,73272667.0,41012715.0,27355633.0,343025.0,1069910.0,86.88,48.63,32.44,12686.0,,84339067.0,104.914,31.6,8.152999999999999,5.061,25129.341,0.2,171.285,12.13,14.1,41.1,,2.81,77.69,0.82,
99369,UGA,Africa,Uganda,2021-07-31,93927.0,252.0,258.857,2690.0,29.0,23.429000000000002,2053.453,5.5089999999999995,5.659,58.809,0.634,0.512,,,,,,,,,,,,,,,,,,,,,,,,,,,,,45741000.0,213.75900000000001,16.4,2.168,1.308,1697.707,41.6,213.333,2.5,3.4,16.7,21.221999999999998,0.5,63.37,0.544,
99886,UKR,Europe,Ukraine,2021-07-31,2333409.0,1459.0,1210.5710000000001,55556.0,35.0,29.857,53354.869000000006,33.361,27.68,1270.323,0.8,0.6829999999999999,,,,,,,,,,,,,,,,,,,5594703.0,3571445.0,2023258.0,68499.0,118751.0,12.79,8.17,4.63,2715.0,,43733759.0,77.39,41.4,16.462,11.133,7894.393,0.1,539.849,7.11,13.5,47.4,,8.8,72.06,0.779,
100437,ARE,Asia,United Arab Emirates,2021-07-31,680858.0,1537.0,1535.714,1949.0,6.0,4.7139999999999995,68840.29,155.403,155.273,197.06,0.607,0.47700000000000004,,,,,,,,,,,,,,,,,,,16795717.0,7803451.0,6972665.0,,44288.0,169.82,78.9,70.5,4478.0,,9890400.0,112.44200000000001,34.0,1.1440000000000001,0.526,67293.483,,317.84,17.26,1.2,37.4,,1.2,77.97,0.89,
100986,GBR,Europe,United Kingdom,2021-07-31,5883421.0,25782.0,26994.142999999996,129949.0,72.0,75.857,86666.185,379.784,397.639,1914.224,1.061,1.117,,,,,,,,,,,,,,,,,,,85196986.0,46851145.0,38345841.0,251017.0,208985.0,125.5,69.01,56.49,3078.0,,67886004.0,272.89799999999997,40.8,18.517,12.527000000000001,39753.244,0.2,122.137,4.28,20.0,24.7,,2.54,81.32,0.932,
101544,USA,North America,United States,2021-07-31,34978276.0,32808.0,78600.143,613157.0,144.0,358.14300000000003,105673.705,99.117,237.46099999999998,1852.4229999999998,0.435,1.082,,11206.0,33.855,43585.0,131.67600000000002,,,,,,,,,,,,,,345640466.0,190982149.0,164446964.0,711952.0,657213.0,103.35,57.1,49.17,1965.0,,331002647.0,35.608000000000004,38.3,15.413,9.732000000000001,54225.445999999996,1.2,151.089,10.79,19.1,24.6,,2.77,78.86,0.9259999999999999,
102051,URY,South America,Uruguay,2021-07-31,381517.0,153.0,172.28599999999997,5964.0,5.0,5.2860000000000005,109829.299,44.045,49.597,1716.888,1.439,1.5219999999999998,,,,,,,,,,,,,,,,,,,4788108.0,2564904.0,2223204.0,5439.0,17989.0,137.84,73.84,64.0,5179.0,,3473727.0,19.750999999999998,35.6,14.655,10.360999999999999,20551.409,0.1,160.708,6.93,14.0,19.9,,2.8,77.91,0.8170000000000001,
102556,UZB,Asia,Uzbekistan,2021-07-31,129327.0,924.0,824.0,874.0,8.0,6.857,3864.06,27.607,24.62,26.114,0.239,0.205,,,,,,,,,,,,,,,,,,,,,,,,,,,,,33469199.0,76.134,28.2,4.468999999999999,2.873,6253.104,,724.4169999999999,7.57,1.3,24.7,,4.0,71.72,0.72,
102821,VUT,Oceania,Vanuatu,2021-07-31,4.0,0.0,0.0,1.0,0.0,0.0,13.023,0.0,0.0,3.2560000000000002,0.0,0.0,,,,,,,,,,,,,,,,,,,,,,,,,,,,,307150.0,22.662,23.1,4.394,2.62,2921.909,13.2,546.3,12.02,2.8,34.5,25.209,,70.47,0.609,
103335,VAT,Europe,Vatican,2021-07-31,27.0,0.0,0.0,,,0.0,33374.536,0.0,0.0,,,0.0,,,,,,,,,,,,,,,,,,,,,,,,,,,,,809.0,,,,,,,,,,,,,75.12,,
103841,VEN,South America,Venezuela,2021-07-31,305766.0,1040.0,994.571,3591.0,15.0,16.570999999999998,10752.8,36.573,34.976,126.28399999999999,0.528,0.583,,,,,,,,,,,,,,,,,,,,,,,,,,,,,28435943.0,36.253,29.0,6.614,3.915,16745.022,,204.85,6.47,,,,0.8,72.06,0.711,
104398,VNM,Asia,Vietnam,2021-07-31,150060.0,8938.0,7878.143,1306.0,145.0,133.714,1541.629,91.824,80.935,13.417,1.49,1.374,,,,,,,,,,,,,,,,,,,6203866.0,5583255.0,620611.0,272490.0,238304.0,6.37,5.74,0.64,2448.0,,97338583.0,308.127,32.6,7.15,4.718,6171.884,2.0,245.465,6.0,1.0,45.9,85.84700000000001,2.6,75.4,0.7040000000000001,
105076,OWID_WRL,,World,2021-07-31,197872222.0,506087.0,589880.8570000001,4217383.0,8836.0,9211.286,25385.161,64.926,75.676,541.0509999999999,1.1340000000000001,1.182,,,,,,,,,,,,,,,,,,,4142697197.0,2209642760.0,1138208723.0,30701858.0,38568282.0,53.15,28.35,14.6,4948.0,,7794798729.0,58.045,30.9,8.696,5.355,15469.207,10.0,233.07,8.51,6.434,34.635,60.13,2.705,72.58,0.737,
105555,YEM,Asia,Yemen,2021-07-31,7061.0,3.0,7.571000000000001,1375.0,0.0,0.28600000000000003,236.74,0.10099999999999999,0.254,46.101000000000006,0.0,0.01,,,,,,,,,,,,,,,,,,,,,,,,,,,,,29825968.0,53.508,20.3,2.9219999999999997,1.5830000000000002,1479.1470000000002,18.8,495.00300000000004,5.35,7.6,29.2,49.542,0.7,66.12,0.47,
106057,ZMB,Africa,Zambia,2021-07-31,195816.0,720.0,612.714,3389.0,13.0,19.857,10651.462,39.165,33.329,184.34599999999998,0.7070000000000001,1.08,,,,,,,,,,,,,,,,,,,433716.0,284700.0,149016.0,9197.0,12928.0,2.36,1.55,0.81,703.0,,18383956.0,22.995,17.7,2.48,1.5419999999999998,3689.2509999999997,57.5,234.49900000000002,3.94,3.1,24.7,13.937999999999999,2.0,63.89,0.584,
106557,ZWE,Africa,Zimbabwe,2021-07-31,108860.0,1370.0,1654.714,3532.0,42.0,68.857,7324.264,92.176,111.33200000000001,237.638,2.826,4.633,,,,,,,,,,,,,,,,,,,,,,,,,,,,,14862927.0,42.729,19.6,2.822,1.882,1899.775,21.4,307.846,1.82,1.6,30.7,36.791,1.7,61.49,0.5710000000000001,
